{
  "config": {
    "n_agents": 200,
    "n_outer_iterations": 100,
    "n_inner_steps": 250,
    "dt": 0.02,
    "learning_rate": 0.0005,
    "int_drift_weight": 1.0,
    "int_cost_weight": 1.0,
    "base_drift_weight": 0.0,
    "sigma": 1.0,
    "start_mean": 0.0,
    "transport_mean": 6.0
  },
  "final_losses": {
    "loss_ipf_forward": 1.1496498584747314,
    "loss_ipf_backward": 0.4760206937789917,
    "loss_td_forward": 19.269498825073242,
    "loss_td_backward": 13.29622745513916,
    "loss_fk_forward": 2.1719472408294678,
    "loss_fk_backward": 2.917750358581543,
    "loss_boundary_forward": 0.23570513725280762,
    "loss_boundary_backward": 1.142313003540039
  },
  "initial_losses": {
    "loss_ipf_forward": 44.53767013549805,
    "loss_ipf_backward": 108.1026382446289,
    "loss_td_forward": 766.7989501953125,
    "loss_td_backward": 740.3502197265625,
    "loss_fk_forward": 3.696610450744629,
    "loss_fk_backward": 1.8718197345733643,
    "loss_boundary_forward": 177.91732788085938,
    "loss_boundary_backward": 1361.2823486328125
  },
  "mean_true": [
    -0.33708956837654114,
    0.36275917291641235
  ],
  "mean_pred": [
    0.13772305846214294,
    1.7243715524673462
  ],
  "mean_error": 1.4420247077941895,
  "std_true": [
    11.423545837402344,
    11.305159568786621
  ],
  "std_pred": [
    12.05654525756836,
    9.184898376464844
  ],
  "std_error": 2.2127349376678467
}